<?xml version="1.0" encoding="UTF-8"?><rss version="2.0"
	xmlns:content="http://purl.org/rss/1.0/modules/content/"
	xmlns:wfw="http://wellformedweb.org/CommentAPI/"
	xmlns:dc="http://purl.org/dc/elements/1.1/"
	xmlns:atom="http://www.w3.org/2005/Atom"
	xmlns:sy="http://purl.org/rss/1.0/modules/syndication/"
	xmlns:slash="http://purl.org/rss/1.0/modules/slash/"
	>

<channel>
	<title>orecchini &#8211; Luce</title>
	<atom:link href="http://localhost/woocommerce1/categoria-prodotto/orecchini/feed/?simply_static_page=917" rel="self" type="application/rss+xml" />
	<link>./../../../index.html</link>
	<description></description>
	<lastBuildDate>Wed, 22 Mar 2023 15:56:46 +0000</lastBuildDate>
	<language>it-IT</language>
	<sy:updatePeriod>
	hourly	</sy:updatePeriod>
	<sy:updateFrequency>
	1	</sy:updateFrequency>
	<generator>https://wordpress.org/?v=6.1.1</generator>
	<item>
		<title>LOVLI LUCE</title>
		<link>./../../../prodotto/lovli-luce/index.html</link>
					<comments>./../../../prodotto/lovli-luce/index.html#respond</comments>
		
		<dc:creator><![CDATA[alessia]]></dc:creator>
		<pubDate>Wed, 22 Mar 2023 15:35:28 +0000</pubDate>
				<guid isPermaLink="false">./../../../index.html?post_type=product#038;p=41</guid>

					<description><![CDATA[Questo orecchino incarna in tutto e per tutto lo spirito di Amabile: sono sicura ti ruberà il cuore!

Lo zircone si inserisce nel modello pendente per dare vita ad un gioiello elegante e moderno. In più aggiunge una nota di colore creando giochi di luce che illumineranno il tuo viso.

Il Lovli Luce è composto da una catenina e da uno zircone all’estremità: la sua lunghezza ti permetterà di creare tantissimi look! Desideri indossarlo in un solo buco tenendo lo zircone al lobo e la catena lunga? Oppure preferisci passarlo in più buchi così da creare una spirale sul tuo orecchio? Adattalo alla tua personalità e gioca con le composizioni!]]></description>
										<content:encoded><![CDATA[<p>La dicitura <em>“placcato oro”</em> sta ad indicare il fatto che il gioiello sia internamente in argento 925 e venga poi “immerso” in un bagno d’oro affinchè la sua superficie ne sia ricoperta. Questo comporta il fatto che, se conservati nel modo sbagliato, i gioielli possano perdere la loro placcatura nel tempo.  A seconda del PH della pelle inoltre, la variante temporale può allungarsi o accorciarsi significativamente.</p>
<p>L’orecchino è interamente in argento 925 e oro perciò <strong><em>non</em> <em>contiene nichel</em> </strong>nè altri metalli. A meno che chi lo indossa non sia allergico ad argento o oro, l’orecchino non provoca allergie.</p>
<p>All’interno del packaging si trovano:</p>
<ul>
<li>Istruzioni su come conservare al meglio il gioiello.</li>
<li>Indicazioni su come agire qualora il gioiello di ossidasse.</li>
<li>Bustina adatta alla conservazione del gioiello qualora non venisse utilizzato per svariato tempo, che ne evita/rallenta l’ossidazione.</li>
<li>Indicazioni su se e come utilizzare il gioiello in acqua.</li>
</ul>
]]></content:encoded>
					
					<wfw:commentRss>./../../../prodotto/lovli-luce/feed/index.html</wfw:commentRss>
			<slash:comments>0</slash:comments>
		
		
			</item>
		<item>
		<title>HOOP LOGO PLACCATO ORO</title>
		<link>./../../../prodotto/hoop-logo-placcato-oro/index.html</link>
					<comments>./../../../prodotto/hoop-logo-placcato-oro/index.html#respond</comments>
		
		<dc:creator><![CDATA[alessia]]></dc:creator>
		<pubDate>Mon, 20 Mar 2023 13:51:30 +0000</pubDate>
				<guid isPermaLink="false">./../../../index.html?post_type=product#038;p=14</guid>

					<description><![CDATA[Era giunto il momento di rendere il logo di Amabile un gioiello da indossare! Con questo presupposto è nato l’Hoop Logo: un orecchino dalla struttura fine ed elegante composta da un hoop liscio con chiusura “a scattino” e dal suo pendente.

Nella sua delicatezza è un gioiello che riesce a farsi notare. Versatile e adatto a tutti i tipi di look, può essere indossato con outfit eleganti o casual.

Questo orecchino rappresenta la realizzazione di un sogno e la gioia che ogni giorno avverto nel ricordare quante di voi hanno creduto nel mio progetto dal principio. Vedere fin dove siamo arrivate insieme mi riempie di felicità. Pronte a portare con voi un po’ dell’essenza di Amabile?]]></description>
										<content:encoded><![CDATA[<p><strong>INFORMAZIONI TECNICHE</strong></p>
<ul>
<li><em>Dimensioni ciondolo</em>: 8 millimetri</li>
<li><em>Diametro hoop</em>: 11 millimetri</li>
<li>Spessore hoop: 2 millimetri</li>
<li><em>Materiale</em>: argento 925 placcato oro</li>
<li><em>Chiusura</em>: a scattino</li>
<li>NON CONTIENE NICHEL</li>
</ul>
<p>&nbsp;</p>
<p>La dicitura <em>“placcato oro”</em> sta ad indicare il fatto che il gioiello venga “immerso” in un bagno d’oro affinchè la sua superficie ne sia ricoperta. Questo comporta il fatto che, se conservati nel modo sbagliato, i gioielli possano perdere la loro placcatura nel tempo.  A seconda del PH della pelle inoltre, la variante temporale può allungarsi o accorciarsi significativamente.</p>
<p>L’orecchino <strong><em>non</em> <em>contiene nichel</em></strong>.</p>
<p>All’interno del packaging si trovano:</p>
<ul>
<li>Istruzioni su come conservare al meglio il gioiello.</li>
<li>Indicazioni su come agire qualora il gioiello si ossidasse.</li>
<li>Bustina adatta alla conservazione del gioiello qualora non venisse utilizzato per svariato tempo, che ne evita/rallenta l’ossidazione.</li>
<li>Indicazioni su se e come utilizzare il gioiello in acqua.</li>
</ul>
]]></content:encoded>
					
					<wfw:commentRss>./../../../prodotto/hoop-logo-placcato-oro/feed/index.html</wfw:commentRss>
			<slash:comments>0</slash:comments>
		
		
			</item>
		<item>
		<title>ORECCHINO FIOCCO DI NEVE</title>
		<link>./../../../prodotto/orecchino-fiocco-di-neve/index.html</link>
					<comments>./../../../prodotto/orecchino-fiocco-di-neve/index.html#respond</comments>
		
		<dc:creator><![CDATA[alessia]]></dc:creator>
		<pubDate>Mon, 20 Mar 2023 13:46:56 +0000</pubDate>
				<guid isPermaLink="false">./../../../index.html?post_type=product#038;p=12</guid>

					<description><![CDATA[L’orecchino fiocco di neve vuole rappresentare al meglio il sogno natalizio: dolci cristalli di neve che pendono come dal cielo. Volendo evocare l’emozione delle neve d’inverno il gioiello si compone di una fine catenina con pietre che termina con un pendente più grande. Indossando questo orecchino si riesce a percepire lo splendore del periodo più magico dell’anno, avvolgendo il proprio viso con luminosità e scintillio.]]></description>
										<content:encoded><![CDATA[<p><strong>INFORMAZIONI TECNICHE</strong></p>
<ul>
<li><em>Diametro ciondolo</em>: 19 millimetri</li>
<li><em>Lunghezza orecchino:</em> 50 millimetri</li>
<li><em>Materiale</em>: argento 925 e zirconi</li>
<li><em>Chiusura</em>: farfallina</li>
<li>NON CONTIENE NICHEL</li>
</ul>
<p>All’interno del packaging si trovano:</p>
<ul>
<li>Istruzioni su come conservare al meglio il gioiello.</li>
<li>Indicazioni su come agire qualora il gioiello di ossidasse.</li>
<li>Bustina adatta alla conservazione del gioiello qualora non venisse utilizzato per svariato tempo, che ne evita/rallenta l’ossidazione.</li>
<li>Indicazioni su se e come utilizzare il gioiello in acqua.</li>
</ul>
]]></content:encoded>
					
					<wfw:commentRss>./../../../prodotto/orecchino-fiocco-di-neve/feed/index.html</wfw:commentRss>
			<slash:comments>0</slash:comments>
		
		
			</item>
	</channel>
</rss>
